[
    {
      "título": "O Poderoso Chefão",
      "ano": 1972,
      "diretor": "Francis Ford Coppola",
      "gênero": "Crime, Drama",
      "cartaz": "https://www.themoviedb.org/t/p/w600_and_h900_bestv2/3bhkrj58Vtu7enYsRolD1fZdja1.jpg"
    },
    {
      "título": "A Origem",
      "ano": 2010,
      "diretor": "Christopher Nolan",
      "gênero": "Ação, Ficção Científica",
      "cartaz": "https://www.themoviedb.org/t/p/w600_and_h900_bestv2/n3Vnq3FvBgjFqX6G5f8zjwCeQC0.jpg"
    },
    {
      "título": "Pulp Fiction: Tempo de Violência",
      "ano": 1994,
      "diretor": "Quentin Tarantino",
      "gênero": "Crime, Drama",
      "cartaz": "https://www.themoviedb.org/t/p/w600_and_h900_bestv2/d5iIlFn5s0ImszYzBPb8JPIfbXD.jpg"
    },
    {
      "título": "O Senhor dos Anéis: O Retorno do Rei",
      "ano": 2003,
      "diretor": "Peter Jackson",
      "gênero": "Aventura, Fantasia",
      "cartaz": "https://www.themoviedb.org/t/p/w600_and_h900_bestv2/rCzpDGLbOoPwLjy3OAm5NUPOTrC.jpg"
    }
  ]
  